file_name,transcription
0_blink.wav,blink
1000_blink.wav,blink
1001_blink.wav,blink
1002_blink.wav,blink
1003_blink.wav,blink
1004_blink.wav,blink
1005_blink.wav,blink
1006_blink.wav,blink
1007_blink.wav,blink
1008_blink.wav,blink
1009_blink.wav,blink
100_blink.wav,blink
1010_blink.wav,blink
1011_blink.wav,blink
1012_blink.wav,blink
1013_blink.wav,blink
1014_blink.wav,blink
1015_blink.wav,blink
1016_blink.wav,blink
1017_blink.wav,blink
1018_blink.wav,blink
1019_blink.wav,blink
101_blink.wav,blink
1020_blink.wav,blink
1021_blink.wav,blink
1022_blink.wav,blink
1023_blink.wav,blink
1024_blink.wav,blink
1025_blink.wav,blink
1026_blink.wav,blink
1027_blink.wav,blink
1028_blink.wav,blink
1029_blink.wav,blink
102_blink.wav,blink
1030_blink.wav,blink
1031_blink.wav,blink
1032_blink.wav,blink
1033_blink.wav,blink
1034_blink.wav,blink
1035_blink.wav,blink
1036_blink.wav,blink
1037_blink.wav,blink
1038_blink.wav,blink
1039_blink.wav,blink
103_blink.wav,blink
1040_blink.wav,blink
1041_blink.wav,blink
1042_blink.wav,blink
1043_blink.wav,blink
1044_blink.wav,blink
1045_blink.wav,blink
1046_blink.wav,blink
1047_blink.wav,blink
1048_blink.wav,blink
1049_blink.wav,blink
104_blink.wav,blink
1050_blink.wav,blink
1051_blink.wav,blink
1052_blink.wav,blink
1053_blink.wav,blink
1054_blink.wav,blink
1055_blink.wav,blink
1056_blink.wav,blink
1057_blink.wav,blink
1058_blink.wav,blink
1059_blink.wav,blink
105_blink.wav,blink
1060_blink.wav,blink
1061_blink.wav,blink
1062_blink.wav,blink
1063_blink.wav,blink
1064_blink.wav,blink
1065_blink.wav,blink
1066_blink.wav,blink
1067_blink.wav,blink
1068_blink.wav,blink
1069_blink.wav,blink
106_blink.wav,blink
1070_blink.wav,blink
1071_blink.wav,blink
1072_blink.wav,blink
1073_blink.wav,blink
1074_blink.wav,blink
1075_blink.wav,blink
1076_blink.wav,blink
1077_blink.wav,blink
1078_blink.wav,blink
1079_blink.wav,blink
107_blink.wav,blink
1080_blink.wav,blink
1081_blink.wav,blink
1082_blink.wav,blink
1083_blink.wav,blink
1084_blink.wav,blink
1085_blink.wav,blink
1086_blink.wav,blink
1087_blink.wav,blink
1088_blink.wav,blink
1089_blink.wav,blink
108_blink.wav,blink
1090_blink.wav,blink
1091_blink.wav,blink
1092_blink.wav,blink
1093_blink.wav,blink
1094_blink.wav,blink
1095_blink.wav,blink
1096_blink.wav,blink
1097_blink.wav,blink
1098_blink.wav,blink
1099_blink.wav,blink
109_blink.wav,blink
10_blink.wav,blink
1100_blink.wav,blink
1101_blink.wav,blink
1102_blink.wav,blink
1103_blink.wav,blink
1104_blink.wav,blink
1105_blink.wav,blink
1106_blink.wav,blink
1107_blink.wav,blink
1108_blink.wav,blink
1109_blink.wav,blink
110_blink.wav,blink
1110_blink.wav,blink
1111_blink.wav,blink
1112_blink.wav,blink
1113_blink.wav,blink
1114_blink.wav,blink
1115_blink.wav,blink
1116_blink.wav,blink
1117_blink.wav,blink
1118_blink.wav,blink
1119_blink.wav,blink
111_blink.wav,blink
1120_blink.wav,blink
1121_blink.wav,blink
1122_blink.wav,blink
1123_blink.wav,blink
1124_blink.wav,blink
1125_blink.wav,blink
1126_blink.wav,blink
1127_blink.wav,blink
1128_blink.wav,blink
1129_blink.wav,blink
112_blink.wav,blink
1130_blink.wav,blink
1131_blink.wav,blink
1132_blink.wav,blink
1133_blink.wav,blink
1134_blink.wav,blink
1135_blink.wav,blink
1136_blink.wav,blink
1137_blink.wav,blink
1138_blink.wav,blink
1139_blink.wav,blink
113_blink.wav,blink
1140_blink.wav,blink
1141_blink.wav,blink
1142_blink.wav,blink
1143_blink.wav,blink
1144_blink.wav,blink
1145_blink.wav,blink
1146_blink.wav,blink
1147_blink.wav,blink
1148_blink.wav,blink
1149_blink.wav,blink
114_blink.wav,blink
1150_blink.wav,blink
1151_blink.wav,blink
1152_blink.wav,blink
1153_blink.wav,blink
1154_blink.wav,blink
1155_blink.wav,blink
1156_blink.wav,blink
1157_blink.wav,blink
1158_blink.wav,blink
1159_blink.wav,blink
115_blink.wav,blink
1160_blink.wav,blink
1161_blink.wav,blink
1162_blink.wav,blink
1163_blink.wav,blink
1164_blink.wav,blink
1165_blink.wav,blink
1166_blink.wav,blink
1167_blink.wav,blink
1168_blink.wav,blink
1169_blink.wav,blink
116_blink.wav,blink
1170_blink.wav,blink
1171_blink.wav,blink
1172_blink.wav,blink
1173_blink.wav,blink
1174_blink.wav,blink
1175_blink.wav,blink
1176_blink.wav,blink
1177_blink.wav,blink
1178_blink.wav,blink
1179_blink.wav,blink
117_blink.wav,blink
1180_blink.wav,blink
1181_blink.wav,blink
1182_blink.wav,blink
1183_blink.wav,blink
1184_blink.wav,blink
1185_blink.wav,blink
1186_blink.wav,blink
1187_blink.wav,blink
1188_blink.wav,blink
1189_blink.wav,blink
118_blink.wav,blink
1190_blink.wav,blink
1191_blink.wav,blink
1192_blink.wav,blink
1193_blink.wav,blink
1194_blink.wav,blink
1195_blink.wav,blink
1196_blink.wav,blink
1197_blink.wav,blink
1198_blink.wav,blink
1199_blink.wav,blink
119_blink.wav,blink
11_blink.wav,blink
1200_blink.wav,blink
1201_blink.wav,blink
1202_blink.wav,blink
1203_blink.wav,blink
1204_blink.wav,blink
1205_blink.wav,blink
1206_blink.wav,blink
1207_blink.wav,blink
1208_blink.wav,blink
1209_blink.wav,blink
120_blink.wav,blink
1210_blink.wav,blink
1211_blink.wav,blink
1212_blink.wav,blink
1213_blink.wav,blink
1214_blink.wav,blink
1215_blink.wav,blink
1216_blink.wav,blink
1217_blink.wav,blink
1218_blink.wav,blink
1219_blink.wav,blink
121_blink.wav,blink
1220_blink.wav,blink
1221_blink.wav,blink
1222_blink.wav,blink
1223_blink.wav,blink
1224_blink.wav,blink
1225_blink.wav,blink
1226_blink.wav,blink
1227_blink.wav,blink
1228_blink.wav,blink
1229_blink.wav,blink
122_blink.wav,blink
1230_blink.wav,blink
1231_blink.wav,blink
1232_blink.wav,blink
1233_blink.wav,blink
1234_blink.wav,blink
1235_blink.wav,blink
1236_blink.wav,blink
1237_blink.wav,blink
1238_blink.wav,blink
1239_blink.wav,blink
123_blink.wav,blink
1240_blink.wav,blink
1241_blink.wav,blink
1242_blink.wav,blink
1243_blink.wav,blink
1244_blink.wav,blink
1245_blink.wav,blink
1246_blink.wav,blink
1247_blink.wav,blink
1248_blink.wav,blink
1249_blink.wav,blink
124_blink.wav,blink
1250_blink.wav,blink
1251_blink.wav,blink
1252_blink.wav,blink
1253_blink.wav,blink
1254_blink.wav,blink
1255_blink.wav,blink
1256_blink.wav,blink
1257_blink.wav,blink
1258_blink.wav,blink
1259_blink.wav,blink
125_blink.wav,blink
1260_blink.wav,blink
1261_blink.wav,blink
1262_blink.wav,blink
1263_blink.wav,blink
1264_blink.wav,blink
1265_blink.wav,blink
1266_blink.wav,blink
1267_blink.wav,blink
1268_blink.wav,blink
1269_blink.wav,blink
126_blink.wav,blink
1270_blink.wav,blink
1271_blink.wav,blink
1272_blink.wav,blink
1273_blink.wav,blink
1274_blink.wav,blink
1275_blink.wav,blink
1276_blink.wav,blink
1277_blink.wav,blink
1278_blink.wav,blink
1279_blink.wav,blink
127_blink.wav,blink
1280_blink.wav,blink
1281_blink.wav,blink
1282_blink.wav,blink
1283_blink.wav,blink
1284_blink.wav,blink
1285_blink.wav,blink
1286_blink.wav,blink
1287_blink.wav,blink
1288_blink.wav,blink
1289_blink.wav,blink
128_blink.wav,blink
1290_blink.wav,blink
1291_blink.wav,blink
1292_blink.wav,blink
1293_blink.wav,blink
1294_blink.wav,blink
1295_blink.wav,blink
1296_blink.wav,blink
1297_blink.wav,blink
1298_blink.wav,blink
1299_blink.wav,blink
129_blink.wav,blink
12_blink.wav,blink
1300_blink.wav,blink
1301_blink.wav,blink
1302_blink.wav,blink
1303_blink.wav,blink
1304_blink.wav,blink
1305_blink.wav,blink
1306_blink.wav,blink
1307_blink.wav,blink
1308_blink.wav,blink
1309_blink.wav,blink
130_blink.wav,blink
1310_blink.wav,blink
1311_blink.wav,blink
1312_blink.wav,blink
1313_blink.wav,blink
1314_blink.wav,blink
1315_blink.wav,blink
1316_blink.wav,blink
1317_blink.wav,blink
1318_blink.wav,blink
1319_blink.wav,blink
131_blink.wav,blink
1320_blink.wav,blink
1321_blink.wav,blink
1322_blink.wav,blink
1323_blink.wav,blink
1324_blink.wav,blink
1325_blink.wav,blink
1326_blink.wav,blink
1327_blink.wav,blink
1328_blink.wav,blink
1329_blink.wav,blink
132_blink.wav,blink
1330_blink.wav,blink
1331_blink.wav,blink
1332_blink.wav,blink
1333_blink.wav,blink
1334_blink.wav,blink
1335_blink.wav,blink
1336_blink.wav,blink
1337_blink.wav,blink
1338_blink.wav,blink
1339_blink.wav,blink
133_blink.wav,blink
1340_blink.wav,blink
1341_blink.wav,blink
1342_blink.wav,blink
1343_blink.wav,blink
1344_blink.wav,blink
1345_blink.wav,blink
1346_blink.wav,blink
1347_blink.wav,blink
1348_blink.wav,blink
1349_blink.wav,blink
134_blink.wav,blink
1350_blink.wav,blink
1351_blink.wav,blink
1352_blink.wav,blink
1353_blink.wav,blink
1354_blink.wav,blink
1355_blink.wav,blink
1356_blink.wav,blink
1357_blink.wav,blink
1358_blink.wav,blink
1359_blink.wav,blink
135_blink.wav,blink
1360_blink.wav,blink
1361_blink.wav,blink
1362_blink.wav,blink
1363_blink.wav,blink
1364_blink.wav,blink
1365_blink.wav,blink
1366_blink.wav,blink
1367_blink.wav,blink
1368_blink.wav,blink
1369_blink.wav,blink
136_blink.wav,blink
1370_blink.wav,blink
1371_blink.wav,blink
1372_blink.wav,blink
1373_blink.wav,blink
1374_blink.wav,blink
1375_blink.wav,blink
1376_blink.wav,blink
1377_blink.wav,blink
1378_blink.wav,blink
1379_blink.wav,blink
137_blink.wav,blink
1380_blink.wav,blink
1381_blink.wav,blink
1382_blink.wav,blink
1383_blink.wav,blink
1384_blink.wav,blink
1385_blink.wav,blink
1386_blink.wav,blink
1387_blink.wav,blink
1388_blink.wav,blink
1389_blink.wav,blink
138_blink.wav,blink
1390_blink.wav,blink
1391_blink.wav,blink
1392_blink.wav,blink
1393_blink.wav,blink
1394_blink.wav,blink
1395_blink.wav,blink
1396_blink.wav,blink
1397_blink.wav,blink
1398_blink.wav,blink
1399_blink.wav,blink
139_blink.wav,blink
13_blink.wav,blink
1400_blink.wav,blink
1401_blink.wav,blink
1402_blink.wav,blink
1403_blink.wav,blink
1404_blink.wav,blink
1405_blink.wav,blink
1406_blink.wav,blink
1407_blink.wav,blink
1408_blink.wav,blink
1409_blink.wav,blink
140_blink.wav,blink
1410_blink.wav,blink
1411_blink.wav,blink
1412_blink.wav,blink
1413_blink.wav,blink
1414_blink.wav,blink
1415_blink.wav,blink
1416_blink.wav,blink
1417_blink.wav,blink
1418_blink.wav,blink
1419_blink.wav,blink
141_blink.wav,blink
1420_blink.wav,blink
1421_blink.wav,blink
1422_blink.wav,blink
1423_blink.wav,blink
1424_blink.wav,blink
1425_blink.wav,blink
1426_blink.wav,blink
1427_blink.wav,blink
1428_blink.wav,blink
1429_blink.wav,blink
142_blink.wav,blink
1430_blink.wav,blink
1431_blink.wav,blink
1432_blink.wav,blink
1433_blink.wav,blink
1434_blink.wav,blink
1435_blink.wav,blink
1436_blink.wav,blink
1437_blink.wav,blink
1438_blink.wav,blink
1439_blink.wav,blink
143_blink.wav,blink
1440_blink.wav,blink
1441_blink.wav,blink
1442_blink.wav,blink
1443_blink.wav,blink
1444_blink.wav,blink
1445_blink.wav,blink
1446_blink.wav,blink
1447_blink.wav,blink
1448_blink.wav,blink
1449_blink.wav,blink
144_blink.wav,blink
1450_blink.wav,blink
1451_blink.wav,blink
1452_blink.wav,blink
1453_blink.wav,blink
1454_blink.wav,blink
1455_blink.wav,blink
1456_blink.wav,blink
1457_blink.wav,blink
1458_blink.wav,blink
1459_blink.wav,blink
145_blink.wav,blink
1460_blink.wav,blink
1461_blink.wav,blink
1462_blink.wav,blink
1463_blink.wav,blink
1464_blink.wav,blink
1465_blink.wav,blink
1466_blink.wav,blink
1467_blink.wav,blink
1468_blink.wav,blink
1469_blink.wav,blink
146_blink.wav,blink
1470_blink.wav,blink
1471_blink.wav,blink
1472_blink.wav,blink
1473_blink.wav,blink
1474_blink.wav,blink
1475_blink.wav,blink
1476_blink.wav,blink
1477_blink.wav,blink
1478_blink.wav,blink
1479_blink.wav,blink
147_blink.wav,blink
1480_blink.wav,blink
1481_blink.wav,blink
1482_blink.wav,blink
1483_blink.wav,blink
1484_blink.wav,blink
1485_blink.wav,blink
1486_blink.wav,blink
1487_blink.wav,blink
1488_blink.wav,blink
1489_blink.wav,blink
148_blink.wav,blink
1490_blink.wav,blink
1491_blink.wav,blink
1492_blink.wav,blink
1493_blink.wav,blink
1494_blink.wav,blink
1495_blink.wav,blink
1496_blink.wav,blink
1497_blink.wav,blink
1498_blink.wav,blink
1499_blink.wav,blink
149_blink.wav,blink
14_blink.wav,blink
1500_blink.wav,blink
1501_blink.wav,blink
1502_blink.wav,blink
1503_blink.wav,blink
1504_blink.wav,blink
1505_blink.wav,blink
1506_blink.wav,blink
1507_blink.wav,blink
1508_blink.wav,blink
1509_blink.wav,blink
150_blink.wav,blink
1510_blink.wav,blink
1511_blink.wav,blink
1512_blink.wav,blink
1513_blink.wav,blink
1514_blink.wav,blink
1515_blink.wav,blink
1516_blink.wav,blink
1517_blink.wav,blink
1518_blink.wav,blink
1519_blink.wav,blink
151_blink.wav,blink
1520_blink.wav,blink
1521_blink.wav,blink
1522_blink.wav,blink
1523_blink.wav,blink
1524_blink.wav,blink
1525_blink.wav,blink
1526_blink.wav,blink
1527_blink.wav,blink
1528_blink.wav,blink
1529_blink.wav,blink
152_blink.wav,blink
1530_blink.wav,blink
1531_blink.wav,blink
1532_blink.wav,blink
1533_blink.wav,blink
1534_blink.wav,blink
1535_blink.wav,blink
1536_blink.wav,blink
1537_blink.wav,blink
1538_blink.wav,blink
1539_blink.wav,blink
153_blink.wav,blink
1540_blink.wav,blink
1541_blink.wav,blink
1542_blink.wav,blink
1543_blink.wav,blink
1544_blink.wav,blink
1545_blink.wav,blink
1546_blink.wav,blink
1547_blink.wav,blink
1548_blink.wav,blink
1549_blink.wav,blink
154_blink.wav,blink
1550_blink.wav,blink
1551_blink.wav,blink
1552_blink.wav,blink
1553_blink.wav,blink
1554_blink.wav,blink
1555_blink.wav,blink
1556_blink.wav,blink
1557_blink.wav,blink
1558_blink.wav,blink
1559_blink.wav,blink
155_blink.wav,blink
1560_blink.wav,blink
1561_blink.wav,blink
1562_blink.wav,blink
1563_blink.wav,blink
1564_blink.wav,blink
1565_blink.wav,blink
1566_blink.wav,blink
1567_blink.wav,blink
1568_blink.wav,blink
1569_blink.wav,blink
156_blink.wav,blink
1570_blink.wav,blink
1571_blink.wav,blink
1572_blink.wav,blink
1573_blink.wav,blink
1574_blink.wav,blink
1575_blink.wav,blink
1576_blink.wav,blink
1577_blink.wav,blink
1578_blink.wav,blink
1579_blink.wav,blink
157_blink.wav,blink
1580_blink.wav,blink
1581_blink.wav,blink
1582_blink.wav,blink
1583_blink.wav,blink
1584_blink.wav,blink
1585_blink.wav,blink
1586_blink.wav,blink
1587_blink.wav,blink
1588_blink.wav,blink
1589_blink.wav,blink
158_blink.wav,blink
1590_blink.wav,blink
1591_blink.wav,blink
1592_blink.wav,blink
1593_blink.wav,blink
1594_blink.wav,blink
1595_blink.wav,blink
1596_blink.wav,blink
1597_blink.wav,blink
1598_blink.wav,blink
1599_blink.wav,blink
159_blink.wav,blink
15_blink.wav,blink
1600_blink.wav,blink
1601_blink.wav,blink
1602_blink.wav,blink
1603_blink.wav,blink
1604_blink.wav,blink
1605_blink.wav,blink
1606_blink.wav,blink
1607_blink.wav,blink
1608_blink.wav,blink
1609_blink.wav,blink
160_blink.wav,blink
1610_blink.wav,blink
1611_blink.wav,blink
1612_blink.wav,blink
1613_blink.wav,blink
1614_blink.wav,blink
1615_blink.wav,blink
1616_blink.wav,blink
1617_blink.wav,blink
1618_blink.wav,blink
1619_blink.wav,blink
161_blink.wav,blink
1620_blink.wav,blink
1621_blink.wav,blink
1622_blink.wav,blink
1623_blink.wav,blink
1624_blink.wav,blink
1625_blink.wav,blink
1626_blink.wav,blink
1627_blink.wav,blink
1628_blink.wav,blink
1629_blink.wav,blink
162_blink.wav,blink
1630_blink.wav,blink
1631_blink.wav,blink
1632_blink.wav,blink
1633_blink.wav,blink
1634_blink.wav,blink
1635_blink.wav,blink
1636_blink.wav,blink
1637_blink.wav,blink
1638_blink.wav,blink
1639_blink.wav,blink
163_blink.wav,blink
1640_blink.wav,blink
1641_blink.wav,blink
1642_blink.wav,blink
1643_blink.wav,blink
1644_blink.wav,blink
1645_blink.wav,blink
1646_blink.wav,blink
1647_blink.wav,blink
1648_blink.wav,blink
1649_blink.wav,blink
164_blink.wav,blink
1650_blink.wav,blink
1651_blink.wav,blink
1652_blink.wav,blink
1653_blink.wav,blink
1654_blink.wav,blink
1655_blink.wav,blink
1656_blink.wav,blink
1657_blink.wav,blink
1658_blink.wav,blink
1659_blink.wav,blink
165_blink.wav,blink
1660_blink.wav,blink
1661_blink.wav,blink
1662_blink.wav,blink
1663_blink.wav,blink
1664_blink.wav,blink
1665_blink.wav,blink
1666_blink.wav,blink
1667_blink.wav,blink
1668_blink.wav,blink
1669_blink.wav,blink
166_blink.wav,blink
1670_blink.wav,blink
1671_blink.wav,blink
1672_blink.wav,blink
1673_blink.wav,blink
1674_blink.wav,blink
1675_blink.wav,blink
1676_blink.wav,blink
1677_blink.wav,blink
1678_blink.wav,blink
1679_blink.wav,blink
167_blink.wav,blink
1680_blink.wav,blink
1681_blink.wav,blink
1682_blink.wav,blink
1683_blink.wav,blink
1684_blink.wav,blink
1685_blink.wav,blink
1686_blink.wav,blink
1687_blink.wav,blink
1688_blink.wav,blink
1689_blink.wav,blink
168_blink.wav,blink
1690_blink.wav,blink
1691_blink.wav,blink
1692_blink.wav,blink
1693_blink.wav,blink
1694_blink.wav,blink
1695_blink.wav,blink
1696_blink.wav,blink
1697_blink.wav,blink
1698_blink.wav,blink
1699_blink.wav,blink
169_blink.wav,blink
16_blink.wav,blink
1700_blink.wav,blink
1701_blink.wav,blink
1702_blink.wav,blink
1703_blink.wav,blink
1704_blink.wav,blink
1705_blink.wav,blink
1706_blink.wav,blink
1707_blink.wav,blink
1708_blink.wav,blink
1709_blink.wav,blink
170_blink.wav,blink
1710_blink.wav,blink
1711_blink.wav,blink
1712_blink.wav,blink
1713_blink.wav,blink
1714_blink.wav,blink
1715_blink.wav,blink
1716_blink.wav,blink
1717_blink.wav,blink
1718_blink.wav,blink
1719_blink.wav,blink
171_blink.wav,blink
1720_blink.wav,blink
1721_blink.wav,blink
1722_blink.wav,blink
1723_blink.wav,blink
1724_blink.wav,blink
1725_blink.wav,blink
1726_blink.wav,blink
1727_blink.wav,blink
1728_blink.wav,blink
1729_blink.wav,blink
172_blink.wav,blink
1730_blink.wav,blink
1731_blink.wav,blink
1732_blink.wav,blink
1733_blink.wav,blink
1734_blink.wav,blink
1735_blink.wav,blink
1736_blink.wav,blink
1737_blink.wav,blink
1738_blink.wav,blink
1739_blink.wav,blink
173_blink.wav,blink
1740_blink.wav,blink
1741_blink.wav,blink
1742_blink.wav,blink
1743_blink.wav,blink
1744_blink.wav,blink
1745_blink.wav,blink
1746_blink.wav,blink
1747_blink.wav,blink
1748_blink.wav,blink
1749_blink.wav,blink
174_blink.wav,blink
1750_blink.wav,blink
1751_blink.wav,blink
1752_blink.wav,blink
1753_blink.wav,blink
1754_blink.wav,blink
1755_blink.wav,blink
1756_blink.wav,blink
1757_blink.wav,blink
1758_blink.wav,blink
1759_blink.wav,blink
175_blink.wav,blink
1760_blink.wav,blink
1761_blink.wav,blink
1762_blink.wav,blink
1763_blink.wav,blink
1764_blink.wav,blink
1765_blink.wav,blink
1766_blink.wav,blink
1767_blink.wav,blink
1768_blink.wav,blink
1769_blink.wav,blink
176_blink.wav,blink
1770_blink.wav,blink
1771_blink.wav,blink
1772_blink.wav,blink
1773_blink.wav,blink
1774_blink.wav,blink
1775_blink.wav,blink
1776_blink.wav,blink
1777_blink.wav,blink
1778_blink.wav,blink
1779_blink.wav,blink
177_blink.wav,blink
1780_blink.wav,blink
1781_blink.wav,blink
1782_blink.wav,blink
1783_blink.wav,blink
1784_blink.wav,blink
1785_blink.wav,blink
1786_blink.wav,blink
1787_blink.wav,blink
1788_blink.wav,blink
1789_blink.wav,blink
178_blink.wav,blink
1790_blink.wav,blink
1791_blink.wav,blink
1792_blink.wav,blink
1793_blink.wav,blink
1794_blink.wav,blink
1795_blink.wav,blink
1796_blink.wav,blink
1797_blink.wav,blink
1798_blink.wav,blink
1799_blink.wav,blink
179_blink.wav,blink
17_blink.wav,blink
1800_blink.wav,blink
1801_blink.wav,blink
1802_blink.wav,blink
1803_blink.wav,blink
1804_blink.wav,blink
1805_blink.wav,blink
1806_blink.wav,blink
1807_blink.wav,blink
1808_blink.wav,blink
1809_blink.wav,blink
180_blink.wav,blink
1810_blink.wav,blink
1811_blink.wav,blink
1812_blink.wav,blink
1813_blink.wav,blink
1814_blink.wav,blink
1815_blink.wav,blink
1816_blink.wav,blink
1817_blink.wav,blink
1818_blink.wav,blink
1819_blink.wav,blink
181_blink.wav,blink
1820_blink.wav,blink
1821_blink.wav,blink
1822_blink.wav,blink
1823_blink.wav,blink
1824_blink.wav,blink
1825_blink.wav,blink
1826_blink.wav,blink
1827_blink.wav,blink
1828_blink.wav,blink
1829_blink.wav,blink
182_blink.wav,blink
1830_blink.wav,blink
1831_blink.wav,blink
1832_blink.wav,blink
1833_blink.wav,blink
1834_blink.wav,blink
1835_blink.wav,blink
1836_blink.wav,blink
1837_blink.wav,blink
1838_blink.wav,blink
1839_blink.wav,blink
183_blink.wav,blink
1840_blink.wav,blink
1841_blink.wav,blink
1842_blink.wav,blink
1843_blink.wav,blink
1844_blink.wav,blink
1845_blink.wav,blink
1846_blink.wav,blink
1847_blink.wav,blink
1848_blink.wav,blink
1849_blink.wav,blink
184_blink.wav,blink
1850_blink.wav,blink
1851_blink.wav,blink
1852_blink.wav,blink
1853_blink.wav,blink
1854_blink.wav,blink
1855_blink.wav,blink
1856_blink.wav,blink
1857_blink.wav,blink
1858_blink.wav,blink
1859_blink.wav,blink
185_blink.wav,blink
1860_blink.wav,blink
1861_blink.wav,blink
1862_blink.wav,blink
1863_blink.wav,blink
1864_blink.wav,blink
1865_blink.wav,blink
1866_blink.wav,blink
1867_blink.wav,blink
1868_blink.wav,blink
1869_blink.wav,blink
186_blink.wav,blink
1870_blink.wav,blink
1871_blink.wav,blink
1872_blink.wav,blink
1873_blink.wav,blink
1874_blink.wav,blink
1875_blink.wav,blink
1876_blink.wav,blink
1877_blink.wav,blink
1878_blink.wav,blink
1879_blink.wav,blink
187_blink.wav,blink
1880_blink.wav,blink
1881_blink.wav,blink
1882_blink.wav,blink
1883_blink.wav,blink
1884_blink.wav,blink
1885_blink.wav,blink
1886_blink.wav,blink
1887_blink.wav,blink
1888_blink.wav,blink
1889_blink.wav,blink
188_blink.wav,blink
1890_blink.wav,blink
1891_blink.wav,blink
1892_blink.wav,blink
1893_blink.wav,blink
1894_blink.wav,blink
1895_blink.wav,blink
1896_blink.wav,blink
1897_blink.wav,blink
1898_blink.wav,blink
1899_blink.wav,blink
189_blink.wav,blink
18_blink.wav,blink
1900_blink.wav,blink
1901_blink.wav,blink
1902_blink.wav,blink
1903_blink.wav,blink
1904_blink.wav,blink
1905_blink.wav,blink
1906_blink.wav,blink
1907_blink.wav,blink
1908_blink.wav,blink
1909_blink.wav,blink
190_blink.wav,blink
1910_blink.wav,blink
1911_blink.wav,blink
1912_blink.wav,blink
1913_blink.wav,blink
1914_blink.wav,blink
1915_blink.wav,blink
1916_blink.wav,blink
1917_blink.wav,blink
1918_blink.wav,blink
1919_blink.wav,blink
191_blink.wav,blink
1920_blink.wav,blink
1921_blink.wav,blink
1922_blink.wav,blink
1923_blink.wav,blink
1924_blink.wav,blink
1925_blink.wav,blink
1926_blink.wav,blink
1927_blink.wav,blink
1928_blink.wav,blink
1929_blink.wav,blink
192_blink.wav,blink
1930_blink.wav,blink
1931_blink.wav,blink
1932_blink.wav,blink
1933_blink.wav,blink
1934_blink.wav,blink
1935_blink.wav,blink
1936_blink.wav,blink
1937_blink.wav,blink
1938_blink.wav,blink
1939_blink.wav,blink
193_blink.wav,blink
1940_blink.wav,blink
1941_blink.wav,blink
1942_blink.wav,blink
1943_blink.wav,blink
1944_blink.wav,blink
1945_blink.wav,blink
1946_blink.wav,blink
1947_blink.wav,blink
1948_blink.wav,blink
1949_blink.wav,blink
194_blink.wav,blink
1950_blink.wav,blink
1951_blink.wav,blink
1952_blink.wav,blink
1953_blink.wav,blink
1954_blink.wav,blink
1955_blink.wav,blink
1956_blink.wav,blink
1957_blink.wav,blink
1958_blink.wav,blink
1959_blink.wav,blink
195_blink.wav,blink
1960_blink.wav,blink
1961_blink.wav,blink
1962_blink.wav,blink
1963_blink.wav,blink
1964_blink.wav,blink
1965_blink.wav,blink
1966_blink.wav,blink
1967_blink.wav,blink
1968_blink.wav,blink
1969_blink.wav,blink
196_blink.wav,blink
1970_blink.wav,blink
1971_blink.wav,blink
1972_blink.wav,blink
1973_blink.wav,blink
1974_blink.wav,blink
1975_blink.wav,blink
1976_blink.wav,blink
1977_blink.wav,blink
1978_blink.wav,blink
1979_blink.wav,blink
197_blink.wav,blink
1980_blink.wav,blink
1981_blink.wav,blink
1982_blink.wav,blink
1983_blink.wav,blink
1984_blink.wav,blink
1985_blink.wav,blink
1986_blink.wav,blink
1987_blink.wav,blink
1988_blink.wav,blink
1989_blink.wav,blink
198_blink.wav,blink
1990_blink.wav,blink
1991_blink.wav,blink
1992_blink.wav,blink
1993_blink.wav,blink
1994_blink.wav,blink
1995_blink.wav,blink
1996_blink.wav,blink
1997_blink.wav,blink
1998_blink.wav,blink
1999_blink.wav,blink
199_blink.wav,blink
19_blink.wav,blink
1_blink.wav,blink
2000_blink.wav,blink
2001_blink.wav,blink
2002_blink.wav,blink
2003_blink.wav,blink
2004_blink.wav,blink
2005_blink.wav,blink
2006_blink.wav,blink
2007_blink.wav,blink
2008_blink.wav,blink
2009_blink.wav,blink
200_blink.wav,blink
2010_blink.wav,blink
2011_blink.wav,blink
2012_blink.wav,blink
2013_blink.wav,blink
2014_blink.wav,blink
2015_blink.wav,blink
2016_blink.wav,blink
2017_blink.wav,blink
2018_blink.wav,blink
2019_blink.wav,blink
201_blink.wav,blink
2020_blink.wav,blink
2021_blink.wav,blink
2022_blink.wav,blink
2023_blink.wav,blink
2024_blink.wav,blink
2025_blink.wav,blink
2026_blink.wav,blink
2027_blink.wav,blink
2028_blink.wav,blink
2029_blink.wav,blink
202_blink.wav,blink
2030_blink.wav,blink
2031_blink.wav,blink
2032_blink.wav,blink
2033_blink.wav,blink
2034_blink.wav,blink
2035_blink.wav,blink
2036_blink.wav,blink
2037_blink.wav,blink
2038_blink.wav,blink
2039_blink.wav,blink
203_blink.wav,blink
2040_blink.wav,blink
2041_blink.wav,blink
2042_blink.wav,blink
2043_blink.wav,blink
2044_blink.wav,blink
2045_blink.wav,blink
2046_blink.wav,blink
2047_blink.wav,blink
2048_blink.wav,blink
2049_blink.wav,blink
204_blink.wav,blink
2050_blink.wav,blink
2051_blink.wav,blink
2052_blink.wav,blink
2053_blink.wav,blink
2054_blink.wav,blink
2055_blink.wav,blink
2056_blink.wav,blink
2057_blink.wav,blink
2058_blink.wav,blink
2059_blink.wav,blink
205_blink.wav,blink
2060_blink.wav,blink
2061_blink.wav,blink
2062_blink.wav,blink
2063_blink.wav,blink
2064_blink.wav,blink
2065_blink.wav,blink
2066_blink.wav,blink
2067_blink.wav,blink
2068_blink.wav,blink
2069_blink.wav,blink
206_blink.wav,blink
2070_blink.wav,blink
2071_blink.wav,blink
2072_blink.wav,blink
2073_blink.wav,blink
2074_blink.wav,blink
2075_blink.wav,blink
2076_blink.wav,blink
2077_blink.wav,blink
2078_blink.wav,blink
2079_blink.wav,blink
207_blink.wav,blink
2080_blink.wav,blink
2081_blink.wav,blink
2082_blink.wav,blink
2083_blink.wav,blink
2084_blink.wav,blink
2085_blink.wav,blink
2086_blink.wav,blink
2087_blink.wav,blink
2088_blink.wav,blink
2089_blink.wav,blink
208_blink.wav,blink
2090_blink.wav,blink
2091_blink.wav,blink
2092_blink.wav,blink
2093_blink.wav,blink
2094_blink.wav,blink
2095_blink.wav,blink
2096_blink.wav,blink
2097_blink.wav,blink
2098_blink.wav,blink
2099_blink.wav,blink
209_blink.wav,blink
20_blink.wav,blink
2100_blink.wav,blink
2101_blink.wav,blink
2102_blink.wav,blink
2103_blink.wav,blink
2104_blink.wav,blink
2105_blink.wav,blink
2106_blink.wav,blink
2107_blink.wav,blink
2108_blink.wav,blink
2109_blink.wav,blink
210_blink.wav,blink
2110_blink.wav,blink
2111_blink.wav,blink
2112_blink.wav,blink
2113_blink.wav,blink
2114_blink.wav,blink
2115_blink.wav,blink
2116_blink.wav,blink
2117_blink.wav,blink
2118_blink.wav,blink
2119_blink.wav,blink
211_blink.wav,blink
2120_blink.wav,blink
2121_blink.wav,blink
2122_blink.wav,blink
2123_blink.wav,blink
2124_blink.wav,blink
2125_blink.wav,blink
2126_blink.wav,blink
2127_blink.wav,blink
2128_blink.wav,blink
2129_blink.wav,blink
212_blink.wav,blink
2130_blink.wav,blink
2131_blink.wav,blink
2132_blink.wav,blink
2133_blink.wav,blink
2134_blink.wav,blink
2135_blink.wav,blink
2136_blink.wav,blink
2137_blink.wav,blink
2138_blink.wav,blink
2139_blink.wav,blink
213_blink.wav,blink
2140_blink.wav,blink
2141_blink.wav,blink
2142_blink.wav,blink
2143_blink.wav,blink
2144_blink.wav,blink
2145_blink.wav,blink
2146_blink.wav,blink
2147_blink.wav,blink
2148_blink.wav,blink
2149_blink.wav,blink
214_blink.wav,blink
2150_blink.wav,blink
2151_blink.wav,blink
2152_blink.wav,blink
2153_blink.wav,blink
2154_blink.wav,blink
2155_blink.wav,blink
2156_blink.wav,blink
2157_blink.wav,blink
2158_blink.wav,blink
2159_blink.wav,blink
215_blink.wav,blink
2160_blink.wav,blink
2161_blink.wav,blink
2162_blink.wav,blink
2163_blink.wav,blink
2164_blink.wav,blink
2165_blink.wav,blink
2166_blink.wav,blink
2167_blink.wav,blink
2168_blink.wav,blink
2169_blink.wav,blink
216_blink.wav,blink
2170_blink.wav,blink
2171_blink.wav,blink
2172_blink.wav,blink
2173_blink.wav,blink
2174_blink.wav,blink
2175_blink.wav,blink
2176_blink.wav,blink
2177_blink.wav,blink
2178_blink.wav,blink
2179_blink.wav,blink
217_blink.wav,blink
2180_blink.wav,blink
2181_blink.wav,blink
2182_blink.wav,blink
2183_blink.wav,blink
2184_blink.wav,blink
2185_blink.wav,blink
2186_blink.wav,blink
2187_blink.wav,blink
2188_blink.wav,blink
2189_blink.wav,blink
218_blink.wav,blink
2190_blink.wav,blink
2191_blink.wav,blink
2192_blink.wav,blink
2193_blink.wav,blink
2194_blink.wav,blink
2195_blink.wav,blink
2196_blink.wav,blink
2197_blink.wav,blink
2198_blink.wav,blink
2199_blink.wav,blink
219_blink.wav,blink
21_blink.wav,blink
2200_blink.wav,blink
2201_blink.wav,blink
2202_blink.wav,blink
2203_blink.wav,blink
2204_blink.wav,blink
2205_blink.wav,blink
2206_blink.wav,blink
2207_blink.wav,blink
2208_blink.wav,blink
2209_blink.wav,blink
220_blink.wav,blink
2210_blink.wav,blink
2211_blink.wav,blink
2212_blink.wav,blink
2213_blink.wav,blink
2214_blink.wav,blink
2215_blink.wav,blink
2216_blink.wav,blink
2217_blink.wav,blink
2218_blink.wav,blink
2219_blink.wav,blink
221_blink.wav,blink
2220_blink.wav,blink
2221_blink.wav,blink
2222_blink.wav,blink
2223_blink.wav,blink
2224_blink.wav,blink
2225_blink.wav,blink
2226_blink.wav,blink
2227_blink.wav,blink
2228_blink.wav,blink
2229_blink.wav,blink
222_blink.wav,blink
2230_blink.wav,blink
2231_blink.wav,blink
2232_blink.wav,blink
2233_blink.wav,blink
2234_blink.wav,blink
2235_blink.wav,blink
2236_blink.wav,blink
2237_blink.wav,blink
2238_blink.wav,blink
2239_blink.wav,blink
223_blink.wav,blink
2240_blink.wav,blink
2241_blink.wav,blink
2242_blink.wav,blink
2243_blink.wav,blink
2244_blink.wav,blink
2245_blink.wav,blink
2246_blink.wav,blink
2247_blink.wav,blink
2248_blink.wav,blink
2249_blink.wav,blink
224_blink.wav,blink
2250_blink.wav,blink
2251_blink.wav,blink
2252_blink.wav,blink
2253_blink.wav,blink
2254_blink.wav,blink
2255_blink.wav,blink
2256_blink.wav,blink
2257_blink.wav,blink
2258_blink.wav,blink
2259_blink.wav,blink
225_blink.wav,blink
2260_blink.wav,blink
2261_blink.wav,blink
2262_blink.wav,blink
2263_blink.wav,blink
2264_blink.wav,blink
2265_blink.wav,blink
2266_blink.wav,blink
2267_blink.wav,blink
2268_blink.wav,blink
2269_blink.wav,blink
226_blink.wav,blink
2270_blink.wav,blink
2271_blink.wav,blink
2272_blink.wav,blink
2273_blink.wav,blink
2274_blink.wav,blink
2275_blink.wav,blink
2276_blink.wav,blink
2277_blink.wav,blink
2278_blink.wav,blink
2279_blink.wav,blink
227_blink.wav,blink
2280_blink.wav,blink
2281_blink.wav,blink
2282_blink.wav,blink
2283_blink.wav,blink
2284_blink.wav,blink
2285_blink.wav,blink
2286_blink.wav,blink
2287_blink.wav,blink
2288_blink.wav,blink
2289_blink.wav,blink
228_blink.wav,blink
2290_blink.wav,blink
2291_blink.wav,blink
2292_blink.wav,blink
2293_blink.wav,blink
2294_blink.wav,blink
2295_blink.wav,blink
2296_blink.wav,blink
2297_blink.wav,blink
2298_blink.wav,blink
2299_blink.wav,blink
229_blink.wav,blink
22_blink.wav,blink
2300_blink.wav,blink
2301_blink.wav,blink
2302_blink.wav,blink
2303_blink.wav,blink
2304_blink.wav,blink
2305_blink.wav,blink
2306_blink.wav,blink
2307_blink.wav,blink
2308_blink.wav,blink
2309_blink.wav,blink
230_blink.wav,blink
2310_blink.wav,blink
2311_blink.wav,blink
2312_blink.wav,blink
2313_blink.wav,blink
2314_blink.wav,blink
2315_blink.wav,blink
2316_blink.wav,blink
2317_blink.wav,blink
2318_blink.wav,blink
2319_blink.wav,blink
231_blink.wav,blink
2320_blink.wav,blink
2321_blink.wav,blink
2322_blink.wav,blink
2323_blink.wav,blink
2324_blink.wav,blink
2325_blink.wav,blink
2326_blink.wav,blink
2327_blink.wav,blink
2328_blink.wav,blink
2329_blink.wav,blink
232_blink.wav,blink
2330_blink.wav,blink
2331_blink.wav,blink
2332_blink.wav,blink
2333_blink.wav,blink
2334_blink.wav,blink
2335_blink.wav,blink
2336_blink.wav,blink
2337_blink.wav,blink
2338_blink.wav,blink
2339_blink.wav,blink
233_blink.wav,blink
2340_blink.wav,blink
2341_blink.wav,blink
2342_blink.wav,blink
2343_blink.wav,blink
2344_blink.wav,blink
2345_blink.wav,blink
2346_blink.wav,blink
2347_blink.wav,blink
2348_blink.wav,blink
2349_blink.wav,blink
234_blink.wav,blink
2350_blink.wav,blink
2351_blink.wav,blink
2352_blink.wav,blink
2353_blink.wav,blink
2354_blink.wav,blink
2355_blink.wav,blink
2356_blink.wav,blink
2357_blink.wav,blink
2358_blink.wav,blink
2359_blink.wav,blink
235_blink.wav,blink
2360_blink.wav,blink
2361_blink.wav,blink
2362_blink.wav,blink
2363_blink.wav,blink
2364_blink.wav,blink
2365_blink.wav,blink
2366_blink.wav,blink
2367_blink.wav,blink
2368_blink.wav,blink
2369_blink.wav,blink
236_blink.wav,blink
2370_blink.wav,blink
2371_blink.wav,blink
2372_blink.wav,blink
2373_blink.wav,blink
2374_blink.wav,blink
2375_blink.wav,blink
2376_blink.wav,blink
2377_blink.wav,blink
2378_blink.wav,blink
2379_blink.wav,blink
237_blink.wav,blink
2380_blink.wav,blink
2381_blink.wav,blink
2382_blink.wav,blink
2383_blink.wav,blink
2384_blink.wav,blink
2385_blink.wav,blink
2386_blink.wav,blink
2387_blink.wav,blink
2388_blink.wav,blink
2389_blink.wav,blink
238_blink.wav,blink
2390_blink.wav,blink
2391_blink.wav,blink
2392_blink.wav,blink
2393_blink.wav,blink
2394_blink.wav,blink
2395_blink.wav,blink
2396_blink.wav,blink
2397_blink.wav,blink
2398_blink.wav,blink
2399_blink.wav,blink
239_blink.wav,blink
23_blink.wav,blink
2400_blink.wav,blink
2401_blink.wav,blink
2402_blink.wav,blink
2403_blink.wav,blink
2404_blink.wav,blink
2405_blink.wav,blink
2406_blink.wav,blink
2407_blink.wav,blink
2408_blink.wav,blink
2409_blink.wav,blink
240_blink.wav,blink
2410_blink.wav,blink
2411_blink.wav,blink
2412_blink.wav,blink
2413_blink.wav,blink
2414_blink.wav,blink
2415_blink.wav,blink
2416_blink.wav,blink
2417_blink.wav,blink
2418_blink.wav,blink
2419_blink.wav,blink
241_blink.wav,blink
2420_blink.wav,blink
2421_blink.wav,blink
2422_blink.wav,blink
2423_blink.wav,blink
2424_blink.wav,blink
2425_blink.wav,blink
2426_blink.wav,blink
2427_blink.wav,blink
2428_blink.wav,blink
2429_blink.wav,blink
242_blink.wav,blink
2430_blink.wav,blink
2431_blink.wav,blink
2432_blink.wav,blink
2433_blink.wav,blink
2434_blink.wav,blink
2435_blink.wav,blink
2436_blink.wav,blink
2437_blink.wav,blink
2438_blink.wav,blink
2439_blink.wav,blink
243_blink.wav,blink
2440_blink.wav,blink
2441_blink.wav,blink
2442_blink.wav,blink
2443_blink.wav,blink
2444_blink.wav,blink
2445_blink.wav,blink
2446_blink.wav,blink
2447_blink.wav,blink
2448_blink.wav,blink
2449_blink.wav,blink
244_blink.wav,blink
2450_blink.wav,blink
2451_blink.wav,blink
2452_blink.wav,blink
2453_blink.wav,blink
2454_blink.wav,blink
2455_blink.wav,blink
2456_blink.wav,blink
2457_blink.wav,blink
2458_blink.wav,blink
2459_blink.wav,blink
245_blink.wav,blink
2460_blink.wav,blink
2461_blink.wav,blink
2462_blink.wav,blink
2463_blink.wav,blink
2464_blink.wav,blink
2465_blink.wav,blink
2466_blink.wav,blink
2467_blink.wav,blink
2468_blink.wav,blink
2469_blink.wav,blink
246_blink.wav,blink
2470_blink.wav,blink
2471_blink.wav,blink
2472_blink.wav,blink
2473_blink.wav,blink
2474_blink.wav,blink
2475_blink.wav,blink
2476_blink.wav,blink
2477_blink.wav,blink
2478_blink.wav,blink
2479_blink.wav,blink
247_blink.wav,blink
2480_blink.wav,blink
2481_blink.wav,blink
2482_blink.wav,blink
2483_blink.wav,blink
2484_blink.wav,blink
2485_blink.wav,blink
2486_blink.wav,blink
2487_blink.wav,blink
2488_blink.wav,blink
2489_blink.wav,blink
248_blink.wav,blink
2490_blink.wav,blink
2491_blink.wav,blink
2492_blink.wav,blink
2493_blink.wav,blink
2494_blink.wav,blink
2495_blink.wav,blink
2496_blink.wav,blink
2497_blink.wav,blink
2498_blink.wav,blink
2499_blink.wav,blink
249_blink.wav,blink
24_blink.wav,blink
2500_blink.wav,blink
2501_blink.wav,blink
2502_blink.wav,blink
2503_blink.wav,blink
2504_blink.wav,blink
2505_blink.wav,blink
2506_blink.wav,blink
2507_blink.wav,blink
2508_blink.wav,blink
2509_blink.wav,blink
250_blink.wav,blink
2510_blink.wav,blink
2511_blink.wav,blink
2512_blink.wav,blink
2513_blink.wav,blink
2514_blink.wav,blink
2515_blink.wav,blink
2516_blink.wav,blink
2517_blink.wav,blink
2518_blink.wav,blink
2519_blink.wav,blink
251_blink.wav,blink
2520_blink.wav,blink
2521_blink.wav,blink
2522_blink.wav,blink
2523_blink.wav,blink
2524_blink.wav,blink
2525_blink.wav,blink
2526_blink.wav,blink
2527_blink.wav,blink
2528_blink.wav,blink
2529_blink.wav,blink
252_blink.wav,blink
2530_blink.wav,blink
2531_blink.wav,blink
2532_blink.wav,blink
2533_blink.wav,blink
2534_blink.wav,blink
2535_blink.wav,blink
2536_blink.wav,blink
2537_blink.wav,blink
2538_blink.wav,blink
2539_blink.wav,blink
253_blink.wav,blink
2540_blink.wav,blink
2541_blink.wav,blink
2542_blink.wav,blink
2543_blink.wav,blink
2544_blink.wav,blink
2545_blink.wav,blink
2546_blink.wav,blink
2547_blink.wav,blink
2548_blink.wav,blink
2549_blink.wav,blink
254_blink.wav,blink
2550_blink.wav,blink
2551_blink.wav,blink
2552_blink.wav,blink
2553_blink.wav,blink
2554_blink.wav,blink
2555_blink.wav,blink
2556_blink.wav,blink
2557_blink.wav,blink
2558_blink.wav,blink
2559_blink.wav,blink
255_blink.wav,blink
2560_blink.wav,blink
2561_blink.wav,blink
2562_blink.wav,blink
2563_blink.wav,blink
2564_blink.wav,blink
2565_blink.wav,blink
2566_blink.wav,blink
2567_blink.wav,blink
2568_blink.wav,blink
2569_blink.wav,blink
256_blink.wav,blink
2570_blink.wav,blink
2571_blink.wav,blink
2572_blink.wav,blink
2573_blink.wav,blink
2574_blink.wav,blink
2575_blink.wav,blink
2576_blink.wav,blink
2577_blink.wav,blink
2578_blink.wav,blink
2579_blink.wav,blink
257_blink.wav,blink
2580_blink.wav,blink
2581_blink.wav,blink
2582_blink.wav,blink
2583_blink.wav,blink
2584_blink.wav,blink
2585_blink.wav,blink
2586_blink.wav,blink
2587_blink.wav,blink
2588_blink.wav,blink
2589_blink.wav,blink
258_blink.wav,blink
2590_blink.wav,blink
2591_blink.wav,blink
2592_blink.wav,blink
2593_blink.wav,blink
2594_blink.wav,blink
2595_blink.wav,blink
2596_blink.wav,blink
2597_blink.wav,blink
2598_blink.wav,blink
2599_blink.wav,blink
259_blink.wav,blink
25_blink.wav,blink
2600_blink.wav,blink
2601_blink.wav,blink
2602_blink.wav,blink
2603_blink.wav,blink
2604_blink.wav,blink
2605_blink.wav,blink
2606_blink.wav,blink
2607_blink.wav,blink
2608_blink.wav,blink
2609_blink.wav,blink
260_blink.wav,blink
2610_blink.wav,blink
2611_blink.wav,blink
2612_blink.wav,blink
2613_blink.wav,blink
2614_blink.wav,blink
2615_blink.wav,blink
2616_blink.wav,blink
2617_blink.wav,blink
2618_blink.wav,blink
2619_blink.wav,blink
261_blink.wav,blink
2620_blink.wav,blink
2621_blink.wav,blink
2622_blink.wav,blink
2623_blink.wav,blink
2624_blink.wav,blink
2625_blink.wav,blink
2626_blink.wav,blink
2627_blink.wav,blink
2628_blink.wav,blink
2629_blink.wav,blink
262_blink.wav,blink
2630_blink.wav,blink
2631_blink.wav,blink
2632_blink.wav,blink
2633_blink.wav,blink
2634_blink.wav,blink
2635_blink.wav,blink
2636_blink.wav,blink
2637_blink.wav,blink
2638_blink.wav,blink
2639_blink.wav,blink
263_blink.wav,blink
2640_blink.wav,blink
2641_blink.wav,blink
2642_blink.wav,blink
2643_blink.wav,blink
2644_blink.wav,blink
2645_blink.wav,blink
2646_blink.wav,blink
2647_blink.wav,blink
2648_blink.wav,blink
2649_blink.wav,blink
264_blink.wav,blink
2650_blink.wav,blink
2651_blink.wav,blink
2652_blink.wav,blink
2653_blink.wav,blink
2654_blink.wav,blink
2655_blink.wav,blink
2656_blink.wav,blink
2657_blink.wav,blink
2658_blink.wav,blink
2659_blink.wav,blink
265_blink.wav,blink
2660_blink.wav,blink
2661_blink.wav,blink
2662_blink.wav,blink
2663_blink.wav,blink
2664_blink.wav,blink
2665_blink.wav,blink
2666_blink.wav,blink
2667_blink.wav,blink
2668_blink.wav,blink
2669_blink.wav,blink
266_blink.wav,blink
2670_blink.wav,blink
2671_blink.wav,blink
2672_blink.wav,blink
2673_blink.wav,blink
2674_blink.wav,blink
2675_blink.wav,blink
2676_blink.wav,blink
2677_blink.wav,blink
2678_blink.wav,blink
2679_blink.wav,blink
267_blink.wav,blink
2680_blink.wav,blink
2681_blink.wav,blink
2682_blink.wav,blink
2683_blink.wav,blink
2684_blink.wav,blink
2685_blink.wav,blink
2686_blink.wav,blink
2687_blink.wav,blink
2688_blink.wav,blink
2689_blink.wav,blink
268_blink.wav,blink
2690_blink.wav,blink
2691_blink.wav,blink
2692_blink.wav,blink
2693_blink.wav,blink
2694_blink.wav,blink
2695_blink.wav,blink
2696_blink.wav,blink
2697_blink.wav,blink
2698_blink.wav,blink
2699_blink.wav,blink
269_blink.wav,blink
26_blink.wav,blink
2700_blink.wav,blink
2701_blink.wav,blink
2702_blink.wav,blink
2703_blink.wav,blink
2704_blink.wav,blink
2705_blink.wav,blink
2706_blink.wav,blink
2707_blink.wav,blink
2708_blink.wav,blink
2709_blink.wav,blink
270_blink.wav,blink
2710_blink.wav,blink
2711_blink.wav,blink
2712_blink.wav,blink
2713_blink.wav,blink
2714_blink.wav,blink
2715_blink.wav,blink
2716_blink.wav,blink
2717_blink.wav,blink
2718_blink.wav,blink
2719_blink.wav,blink
271_blink.wav,blink
2720_blink.wav,blink
2721_blink.wav,blink
2722_blink.wav,blink
2723_blink.wav,blink
2724_blink.wav,blink
2725_blink.wav,blink
2726_blink.wav,blink
2727_blink.wav,blink
2728_blink.wav,blink
2729_blink.wav,blink
272_blink.wav,blink
2730_blink.wav,blink
2731_blink.wav,blink
2732_blink.wav,blink
2733_blink.wav,blink
2734_blink.wav,blink
2735_blink.wav,blink
2736_blink.wav,blink
2737_blink.wav,blink
2738_blink.wav,blink
2739_blink.wav,blink
273_blink.wav,blink
2740_blink.wav,blink
2741_blink.wav,blink
2742_blink.wav,blink
2743_blink.wav,blink
2744_blink.wav,blink
2745_blink.wav,blink
2746_blink.wav,blink
2747_blink.wav,blink
2748_blink.wav,blink
2749_blink.wav,blink
274_blink.wav,blink
2750_blink.wav,blink
2751_blink.wav,blink
2752_blink.wav,blink
2753_blink.wav,blink
2754_blink.wav,blink
2755_blink.wav,blink
2756_blink.wav,blink
2757_blink.wav,blink
2758_blink.wav,blink
2759_blink.wav,blink
275_blink.wav,blink
2760_blink.wav,blink
2761_blink.wav,blink
2762_blink.wav,blink
2763_blink.wav,blink
2764_blink.wav,blink
2765_blink.wav,blink
2766_blink.wav,blink
2767_blink.wav,blink
2768_blink.wav,blink
2769_blink.wav,blink
276_blink.wav,blink
2770_blink.wav,blink
2771_blink.wav,blink
2772_blink.wav,blink
2773_blink.wav,blink
2774_blink.wav,blink
2775_blink.wav,blink
2776_blink.wav,blink
2777_blink.wav,blink
2778_blink.wav,blink
2779_blink.wav,blink
277_blink.wav,blink
2780_blink.wav,blink
2781_blink.wav,blink
2782_blink.wav,blink
2783_blink.wav,blink
2784_blink.wav,blink
2785_blink.wav,blink
2786_blink.wav,blink
2787_blink.wav,blink
2788_blink.wav,blink
2789_blink.wav,blink
278_blink.wav,blink
2790_blink.wav,blink
2791_blink.wav,blink
2792_blink.wav,blink
2793_blink.wav,blink
2794_blink.wav,blink
2795_blink.wav,blink
2796_blink.wav,blink
2797_blink.wav,blink
2798_blink.wav,blink
2799_blink.wav,blink
279_blink.wav,blink
27_blink.wav,blink
2800_blink.wav,blink
2801_blink.wav,blink
2802_blink.wav,blink
2803_blink.wav,blink
2804_blink.wav,blink
2805_blink.wav,blink
2806_blink.wav,blink
2807_blink.wav,blink
2808_blink.wav,blink
2809_blink.wav,blink
280_blink.wav,blink
2810_blink.wav,blink
2811_blink.wav,blink
2812_blink.wav,blink
2813_blink.wav,blink
2814_blink.wav,blink
2815_blink.wav,blink
2816_blink.wav,blink
2817_blink.wav,blink
2818_blink.wav,blink
2819_blink.wav,blink
281_blink.wav,blink
2820_blink.wav,blink
2821_blink.wav,blink
2822_blink.wav,blink
2823_blink.wav,blink
2824_blink.wav,blink
2825_blink.wav,blink
2826_blink.wav,blink
2827_blink.wav,blink
2828_blink.wav,blink
2829_blink.wav,blink
282_blink.wav,blink
2830_blink.wav,blink
2831_blink.wav,blink
2832_blink.wav,blink
2833_blink.wav,blink
2834_blink.wav,blink
2835_blink.wav,blink
2836_blink.wav,blink
2837_blink.wav,blink
2838_blink.wav,blink
2839_blink.wav,blink
283_blink.wav,blink
2840_blink.wav,blink
2841_blink.wav,blink
2842_blink.wav,blink
2843_blink.wav,blink
2844_blink.wav,blink
2845_blink.wav,blink
2846_blink.wav,blink
2847_blink.wav,blink
2848_blink.wav,blink
2849_blink.wav,blink
284_blink.wav,blink
2850_blink.wav,blink
2851_blink.wav,blink
2852_blink.wav,blink
2853_blink.wav,blink
2854_blink.wav,blink
2855_blink.wav,blink
2856_blink.wav,blink
2857_blink.wav,blink
2858_blink.wav,blink
2859_blink.wav,blink
285_blink.wav,blink
2860_blink.wav,blink
2861_blink.wav,blink
2862_blink.wav,blink
2863_blink.wav,blink
2864_blink.wav,blink
2865_blink.wav,blink
2866_blink.wav,blink
2867_blink.wav,blink
2868_blink.wav,blink
2869_blink.wav,blink
286_blink.wav,blink
2870_blink.wav,blink
2871_blink.wav,blink
2872_blink.wav,blink
2873_blink.wav,blink
2874_blink.wav,blink
2875_blink.wav,blink
2876_blink.wav,blink
2877_blink.wav,blink
2878_blink.wav,blink
2879_blink.wav,blink
287_blink.wav,blink
2880_blink.wav,blink
2881_blink.wav,blink
2882_blink.wav,blink
2883_blink.wav,blink
2884_blink.wav,blink
2885_blink.wav,blink
2886_blink.wav,blink
2887_blink.wav,blink
2888_blink.wav,blink
2889_blink.wav,blink
288_blink.wav,blink
2890_blink.wav,blink
2891_blink.wav,blink
2892_blink.wav,blink
2893_blink.wav,blink
2894_blink.wav,blink
2895_blink.wav,blink
2896_blink.wav,blink
2897_blink.wav,blink
2898_blink.wav,blink
2899_blink.wav,blink
289_blink.wav,blink
28_blink.wav,blink
2900_blink.wav,blink
2901_blink.wav,blink
2902_blink.wav,blink
2903_blink.wav,blink
2904_blink.wav,blink
2905_blink.wav,blink
2906_blink.wav,blink
2907_blink.wav,blink
2908_blink.wav,blink
2909_blink.wav,blink
290_blink.wav,blink
2910_blink.wav,blink
2911_blink.wav,blink
2912_blink.wav,blink
2913_blink.wav,blink
2914_blink.wav,blink
2915_blink.wav,blink
2916_blink.wav,blink
2917_blink.wav,blink
2918_blink.wav,blink
2919_blink.wav,blink
291_blink.wav,blink
2920_blink.wav,blink
2921_blink.wav,blink
2922_blink.wav,blink
2923_blink.wav,blink
2924_blink.wav,blink
2925_blink.wav,blink
2926_blink.wav,blink
2927_blink.wav,blink
2928_blink.wav,blink
2929_blink.wav,blink
292_blink.wav,blink
2930_blink.wav,blink
2931_blink.wav,blink
2932_blink.wav,blink
2933_blink.wav,blink
2934_blink.wav,blink
2935_blink.wav,blink
2936_blink.wav,blink
2937_blink.wav,blink
2938_blink.wav,blink
2939_blink.wav,blink
293_blink.wav,blink
2940_blink.wav,blink
2941_blink.wav,blink
2942_blink.wav,blink
2943_blink.wav,blink
2944_blink.wav,blink
2945_blink.wav,blink
2946_blink.wav,blink
2947_blink.wav,blink
2948_blink.wav,blink
2949_blink.wav,blink
294_blink.wav,blink
2950_blink.wav,blink
2951_blink.wav,blink
2952_blink.wav,blink
2953_blink.wav,blink
2954_blink.wav,blink
2955_blink.wav,blink
2956_blink.wav,blink
2957_blink.wav,blink
2958_blink.wav,blink
2959_blink.wav,blink
295_blink.wav,blink
2960_blink.wav,blink
2961_blink.wav,blink
2962_blink.wav,blink
2963_blink.wav,blink
2964_blink.wav,blink
2965_blink.wav,blink
2966_blink.wav,blink
2967_blink.wav,blink
2968_blink.wav,blink
2969_blink.wav,blink
296_blink.wav,blink
297_blink.wav,blink
298_blink.wav,blink
299_blink.wav,blink
29_blink.wav,blink
2_blink.wav,blink
300_blink.wav,blink
301_blink.wav,blink
302_blink.wav,blink
303_blink.wav,blink
304_blink.wav,blink
305_blink.wav,blink
306_blink.wav,blink
307_blink.wav,blink
308_blink.wav,blink
309_blink.wav,blink
30_blink.wav,blink
310_blink.wav,blink
311_blink.wav,blink
312_blink.wav,blink
313_blink.wav,blink
314_blink.wav,blink
315_blink.wav,blink
316_blink.wav,blink
317_blink.wav,blink
318_blink.wav,blink
319_blink.wav,blink
31_blink.wav,blink
320_blink.wav,blink
321_blink.wav,blink
322_blink.wav,blink
323_blink.wav,blink
324_blink.wav,blink
325_blink.wav,blink
326_blink.wav,blink
327_blink.wav,blink
328_blink.wav,blink
329_blink.wav,blink
32_blink.wav,blink
330_blink.wav,blink
331_blink.wav,blink
332_blink.wav,blink
333_blink.wav,blink
334_blink.wav,blink
335_blink.wav,blink
336_blink.wav,blink
337_blink.wav,blink
338_blink.wav,blink
339_blink.wav,blink
33_blink.wav,blink
340_blink.wav,blink
341_blink.wav,blink
342_blink.wav,blink
343_blink.wav,blink
344_blink.wav,blink
345_blink.wav,blink
346_blink.wav,blink
347_blink.wav,blink
348_blink.wav,blink
349_blink.wav,blink
34_blink.wav,blink
350_blink.wav,blink
351_blink.wav,blink
352_blink.wav,blink
353_blink.wav,blink
354_blink.wav,blink
355_blink.wav,blink
356_blink.wav,blink
357_blink.wav,blink
358_blink.wav,blink
359_blink.wav,blink
35_blink.wav,blink
360_blink.wav,blink
361_blink.wav,blink
362_blink.wav,blink
363_blink.wav,blink
364_blink.wav,blink
365_blink.wav,blink
366_blink.wav,blink
367_blink.wav,blink
368_blink.wav,blink
369_blink.wav,blink
36_blink.wav,blink
370_blink.wav,blink
371_blink.wav,blink
372_blink.wav,blink
373_blink.wav,blink
374_blink.wav,blink
375_blink.wav,blink
376_blink.wav,blink
377_blink.wav,blink
378_blink.wav,blink
379_blink.wav,blink
37_blink.wav,blink
380_blink.wav,blink
381_blink.wav,blink
382_blink.wav,blink
383_blink.wav,blink
384_blink.wav,blink
385_blink.wav,blink
386_blink.wav,blink
387_blink.wav,blink
388_blink.wav,blink
389_blink.wav,blink
38_blink.wav,blink
390_blink.wav,blink
391_blink.wav,blink
392_blink.wav,blink
393_blink.wav,blink
394_blink.wav,blink
395_blink.wav,blink
396_blink.wav,blink
397_blink.wav,blink
398_blink.wav,blink
399_blink.wav,blink
39_blink.wav,blink
3_blink.wav,blink
400_blink.wav,blink
401_blink.wav,blink
402_blink.wav,blink
403_blink.wav,blink
404_blink.wav,blink
405_blink.wav,blink
406_blink.wav,blink
407_blink.wav,blink
408_blink.wav,blink
409_blink.wav,blink
40_blink.wav,blink
410_blink.wav,blink
411_blink.wav,blink
412_blink.wav,blink
413_blink.wav,blink
414_blink.wav,blink
415_blink.wav,blink
416_blink.wav,blink
417_blink.wav,blink
418_blink.wav,blink
419_blink.wav,blink
41_blink.wav,blink
420_blink.wav,blink
421_blink.wav,blink
422_blink.wav,blink
423_blink.wav,blink
424_blink.wav,blink
425_blink.wav,blink
426_blink.wav,blink
427_blink.wav,blink
428_blink.wav,blink
429_blink.wav,blink
42_blink.wav,blink
430_blink.wav,blink
431_blink.wav,blink
432_blink.wav,blink
433_blink.wav,blink
434_blink.wav,blink
435_blink.wav,blink
436_blink.wav,blink
437_blink.wav,blink
438_blink.wav,blink
439_blink.wav,blink
43_blink.wav,blink
440_blink.wav,blink
441_blink.wav,blink
442_blink.wav,blink
443_blink.wav,blink
444_blink.wav,blink
445_blink.wav,blink
446_blink.wav,blink
447_blink.wav,blink
448_blink.wav,blink
449_blink.wav,blink
44_blink.wav,blink
450_blink.wav,blink
451_blink.wav,blink
452_blink.wav,blink
453_blink.wav,blink
454_blink.wav,blink
455_blink.wav,blink
456_blink.wav,blink
457_blink.wav,blink
458_blink.wav,blink
459_blink.wav,blink
45_blink.wav,blink
460_blink.wav,blink
461_blink.wav,blink
462_blink.wav,blink
463_blink.wav,blink
464_blink.wav,blink
465_blink.wav,blink
466_blink.wav,blink
467_blink.wav,blink
468_blink.wav,blink
469_blink.wav,blink
46_blink.wav,blink
470_blink.wav,blink
471_blink.wav,blink
472_blink.wav,blink
473_blink.wav,blink
474_blink.wav,blink
475_blink.wav,blink
476_blink.wav,blink
477_blink.wav,blink
478_blink.wav,blink
479_blink.wav,blink
47_blink.wav,blink
480_blink.wav,blink
481_blink.wav,blink
482_blink.wav,blink
483_blink.wav,blink
484_blink.wav,blink
485_blink.wav,blink
486_blink.wav,blink
487_blink.wav,blink
488_blink.wav,blink
489_blink.wav,blink
48_blink.wav,blink
490_blink.wav,blink
491_blink.wav,blink
492_blink.wav,blink
493_blink.wav,blink
494_blink.wav,blink
495_blink.wav,blink
496_blink.wav,blink
497_blink.wav,blink
498_blink.wav,blink
499_blink.wav,blink
49_blink.wav,blink
4_blink.wav,blink
500_blink.wav,blink
501_blink.wav,blink
502_blink.wav,blink
503_blink.wav,blink
504_blink.wav,blink
505_blink.wav,blink
506_blink.wav,blink
507_blink.wav,blink
508_blink.wav,blink
509_blink.wav,blink
50_blink.wav,blink
510_blink.wav,blink
511_blink.wav,blink
512_blink.wav,blink
513_blink.wav,blink
514_blink.wav,blink
515_blink.wav,blink
516_blink.wav,blink
517_blink.wav,blink
518_blink.wav,blink
519_blink.wav,blink
51_blink.wav,blink
520_blink.wav,blink
521_blink.wav,blink
522_blink.wav,blink
523_blink.wav,blink
524_blink.wav,blink
525_blink.wav,blink
526_blink.wav,blink
527_blink.wav,blink
528_blink.wav,blink
529_blink.wav,blink
52_blink.wav,blink
530_blink.wav,blink
531_blink.wav,blink
532_blink.wav,blink
533_blink.wav,blink
534_blink.wav,blink
535_blink.wav,blink
536_blink.wav,blink
537_blink.wav,blink
538_blink.wav,blink
539_blink.wav,blink
53_blink.wav,blink
540_blink.wav,blink
541_blink.wav,blink
542_blink.wav,blink
543_blink.wav,blink
544_blink.wav,blink
545_blink.wav,blink
546_blink.wav,blink
547_blink.wav,blink
548_blink.wav,blink
549_blink.wav,blink
54_blink.wav,blink
550_blink.wav,blink
551_blink.wav,blink
552_blink.wav,blink
553_blink.wav,blink
554_blink.wav,blink
555_blink.wav,blink
556_blink.wav,blink
557_blink.wav,blink
558_blink.wav,blink
559_blink.wav,blink
55_blink.wav,blink
560_blink.wav,blink
561_blink.wav,blink
562_blink.wav,blink
563_blink.wav,blink
564_blink.wav,blink
565_blink.wav,blink
566_blink.wav,blink
567_blink.wav,blink
568_blink.wav,blink
569_blink.wav,blink
56_blink.wav,blink
570_blink.wav,blink
571_blink.wav,blink
572_blink.wav,blink
573_blink.wav,blink
574_blink.wav,blink
575_blink.wav,blink
576_blink.wav,blink
577_blink.wav,blink
578_blink.wav,blink
579_blink.wav,blink
57_blink.wav,blink
580_blink.wav,blink
581_blink.wav,blink
582_blink.wav,blink
583_blink.wav,blink
584_blink.wav,blink
585_blink.wav,blink
586_blink.wav,blink
587_blink.wav,blink
588_blink.wav,blink
589_blink.wav,blink
58_blink.wav,blink
590_blink.wav,blink
591_blink.wav,blink
592_blink.wav,blink
593_blink.wav,blink
594_blink.wav,blink
595_blink.wav,blink
596_blink.wav,blink
597_blink.wav,blink
598_blink.wav,blink
599_blink.wav,blink
59_blink.wav,blink
5_blink.wav,blink
600_blink.wav,blink
601_blink.wav,blink
602_blink.wav,blink
603_blink.wav,blink
604_blink.wav,blink
605_blink.wav,blink
606_blink.wav,blink
607_blink.wav,blink
608_blink.wav,blink
609_blink.wav,blink
60_blink.wav,blink
610_blink.wav,blink
611_blink.wav,blink
612_blink.wav,blink
613_blink.wav,blink
614_blink.wav,blink
615_blink.wav,blink
616_blink.wav,blink
617_blink.wav,blink
618_blink.wav,blink
619_blink.wav,blink
61_blink.wav,blink
620_blink.wav,blink
621_blink.wav,blink
622_blink.wav,blink
623_blink.wav,blink
624_blink.wav,blink
625_blink.wav,blink
626_blink.wav,blink
627_blink.wav,blink
628_blink.wav,blink
629_blink.wav,blink
62_blink.wav,blink
630_blink.wav,blink
631_blink.wav,blink
632_blink.wav,blink
633_blink.wav,blink
634_blink.wav,blink
635_blink.wav,blink
636_blink.wav,blink
637_blink.wav,blink
638_blink.wav,blink
639_blink.wav,blink
63_blink.wav,blink
640_blink.wav,blink
641_blink.wav,blink
642_blink.wav,blink
643_blink.wav,blink
644_blink.wav,blink
645_blink.wav,blink
646_blink.wav,blink
647_blink.wav,blink
648_blink.wav,blink
649_blink.wav,blink
64_blink.wav,blink
650_blink.wav,blink
651_blink.wav,blink
652_blink.wav,blink
653_blink.wav,blink
654_blink.wav,blink
655_blink.wav,blink
656_blink.wav,blink
657_blink.wav,blink
658_blink.wav,blink
659_blink.wav,blink
65_blink.wav,blink
660_blink.wav,blink
661_blink.wav,blink
662_blink.wav,blink
663_blink.wav,blink
664_blink.wav,blink
665_blink.wav,blink
666_blink.wav,blink
667_blink.wav,blink
668_blink.wav,blink
669_blink.wav,blink
66_blink.wav,blink
670_blink.wav,blink
671_blink.wav,blink
672_blink.wav,blink
673_blink.wav,blink
674_blink.wav,blink
675_blink.wav,blink
676_blink.wav,blink
677_blink.wav,blink
678_blink.wav,blink
679_blink.wav,blink
67_blink.wav,blink
680_blink.wav,blink
681_blink.wav,blink
682_blink.wav,blink
683_blink.wav,blink
684_blink.wav,blink
685_blink.wav,blink
686_blink.wav,blink
687_blink.wav,blink
688_blink.wav,blink
689_blink.wav,blink
68_blink.wav,blink
690_blink.wav,blink
691_blink.wav,blink
692_blink.wav,blink
693_blink.wav,blink
694_blink.wav,blink
695_blink.wav,blink
696_blink.wav,blink
697_blink.wav,blink
698_blink.wav,blink
699_blink.wav,blink
69_blink.wav,blink
6_blink.wav,blink
700_blink.wav,blink
701_blink.wav,blink
702_blink.wav,blink
703_blink.wav,blink
704_blink.wav,blink
705_blink.wav,blink
706_blink.wav,blink
707_blink.wav,blink
708_blink.wav,blink
709_blink.wav,blink
70_blink.wav,blink
710_blink.wav,blink
711_blink.wav,blink
712_blink.wav,blink
713_blink.wav,blink
714_blink.wav,blink
715_blink.wav,blink
716_blink.wav,blink
717_blink.wav,blink
718_blink.wav,blink
719_blink.wav,blink
71_blink.wav,blink
720_blink.wav,blink
721_blink.wav,blink
722_blink.wav,blink
723_blink.wav,blink
724_blink.wav,blink
725_blink.wav,blink
726_blink.wav,blink
727_blink.wav,blink
728_blink.wav,blink
729_blink.wav,blink
72_blink.wav,blink
730_blink.wav,blink
731_blink.wav,blink
732_blink.wav,blink
733_blink.wav,blink
734_blink.wav,blink
735_blink.wav,blink
736_blink.wav,blink
737_blink.wav,blink
738_blink.wav,blink
739_blink.wav,blink
73_blink.wav,blink
740_blink.wav,blink
741_blink.wav,blink
742_blink.wav,blink
743_blink.wav,blink
744_blink.wav,blink
745_blink.wav,blink
746_blink.wav,blink
747_blink.wav,blink
748_blink.wav,blink
749_blink.wav,blink
74_blink.wav,blink
750_blink.wav,blink
751_blink.wav,blink
752_blink.wav,blink
753_blink.wav,blink
754_blink.wav,blink
755_blink.wav,blink
756_blink.wav,blink
757_blink.wav,blink
758_blink.wav,blink
759_blink.wav,blink
75_blink.wav,blink
760_blink.wav,blink
761_blink.wav,blink
762_blink.wav,blink
763_blink.wav,blink
764_blink.wav,blink
765_blink.wav,blink
766_blink.wav,blink
767_blink.wav,blink
768_blink.wav,blink
769_blink.wav,blink
76_blink.wav,blink
770_blink.wav,blink
771_blink.wav,blink
772_blink.wav,blink
773_blink.wav,blink
774_blink.wav,blink
775_blink.wav,blink
776_blink.wav,blink
777_blink.wav,blink
778_blink.wav,blink
779_blink.wav,blink
77_blink.wav,blink
780_blink.wav,blink
781_blink.wav,blink
782_blink.wav,blink
783_blink.wav,blink
784_blink.wav,blink
785_blink.wav,blink
786_blink.wav,blink
787_blink.wav,blink
788_blink.wav,blink
789_blink.wav,blink
78_blink.wav,blink
790_blink.wav,blink
791_blink.wav,blink
792_blink.wav,blink
793_blink.wav,blink
794_blink.wav,blink
795_blink.wav,blink
796_blink.wav,blink
797_blink.wav,blink
798_blink.wav,blink
799_blink.wav,blink
79_blink.wav,blink
7_blink.wav,blink
800_blink.wav,blink
801_blink.wav,blink
802_blink.wav,blink
803_blink.wav,blink
804_blink.wav,blink
805_blink.wav,blink
806_blink.wav,blink
807_blink.wav,blink
808_blink.wav,blink
809_blink.wav,blink
80_blink.wav,blink
810_blink.wav,blink
811_blink.wav,blink
812_blink.wav,blink
813_blink.wav,blink
814_blink.wav,blink
815_blink.wav,blink
816_blink.wav,blink
817_blink.wav,blink
818_blink.wav,blink
819_blink.wav,blink
81_blink.wav,blink
820_blink.wav,blink
821_blink.wav,blink
822_blink.wav,blink
823_blink.wav,blink
824_blink.wav,blink
825_blink.wav,blink
826_blink.wav,blink
827_blink.wav,blink
828_blink.wav,blink
829_blink.wav,blink
82_blink.wav,blink
830_blink.wav,blink
831_blink.wav,blink
832_blink.wav,blink
833_blink.wav,blink
834_blink.wav,blink
835_blink.wav,blink
836_blink.wav,blink
837_blink.wav,blink
838_blink.wav,blink
839_blink.wav,blink
83_blink.wav,blink
840_blink.wav,blink
841_blink.wav,blink
842_blink.wav,blink
843_blink.wav,blink
844_blink.wav,blink
845_blink.wav,blink
846_blink.wav,blink
847_blink.wav,blink
848_blink.wav,blink
849_blink.wav,blink
84_blink.wav,blink
850_blink.wav,blink
851_blink.wav,blink
852_blink.wav,blink
853_blink.wav,blink
854_blink.wav,blink
855_blink.wav,blink
856_blink.wav,blink
857_blink.wav,blink
858_blink.wav,blink
859_blink.wav,blink
85_blink.wav,blink
860_blink.wav,blink
861_blink.wav,blink
862_blink.wav,blink
863_blink.wav,blink
864_blink.wav,blink
865_blink.wav,blink
866_blink.wav,blink
867_blink.wav,blink
868_blink.wav,blink
869_blink.wav,blink
86_blink.wav,blink
870_blink.wav,blink
871_blink.wav,blink
872_blink.wav,blink
873_blink.wav,blink
874_blink.wav,blink
875_blink.wav,blink
876_blink.wav,blink
877_blink.wav,blink
878_blink.wav,blink
879_blink.wav,blink
87_blink.wav,blink
880_blink.wav,blink
881_blink.wav,blink
882_blink.wav,blink
883_blink.wav,blink
884_blink.wav,blink
885_blink.wav,blink
886_blink.wav,blink
887_blink.wav,blink
888_blink.wav,blink
889_blink.wav,blink
88_blink.wav,blink
890_blink.wav,blink
891_blink.wav,blink
892_blink.wav,blink
893_blink.wav,blink
894_blink.wav,blink
895_blink.wav,blink
896_blink.wav,blink
897_blink.wav,blink
898_blink.wav,blink
899_blink.wav,blink
89_blink.wav,blink
8_blink.wav,blink
900_blink.wav,blink
901_blink.wav,blink
902_blink.wav,blink
903_blink.wav,blink
904_blink.wav,blink
905_blink.wav,blink
906_blink.wav,blink
907_blink.wav,blink
908_blink.wav,blink
909_blink.wav,blink
90_blink.wav,blink
910_blink.wav,blink
911_blink.wav,blink
912_blink.wav,blink
913_blink.wav,blink
914_blink.wav,blink
915_blink.wav,blink
916_blink.wav,blink
917_blink.wav,blink
918_blink.wav,blink
919_blink.wav,blink
91_blink.wav,blink
920_blink.wav,blink
921_blink.wav,blink
922_blink.wav,blink
923_blink.wav,blink
924_blink.wav,blink
925_blink.wav,blink
926_blink.wav,blink
927_blink.wav,blink
928_blink.wav,blink
929_blink.wav,blink
92_blink.wav,blink
930_blink.wav,blink
931_blink.wav,blink
932_blink.wav,blink
933_blink.wav,blink
934_blink.wav,blink
935_blink.wav,blink
936_blink.wav,blink
937_blink.wav,blink
938_blink.wav,blink
939_blink.wav,blink
93_blink.wav,blink
940_blink.wav,blink
941_blink.wav,blink
942_blink.wav,blink
943_blink.wav,blink
944_blink.wav,blink
945_blink.wav,blink
946_blink.wav,blink
947_blink.wav,blink
948_blink.wav,blink
949_blink.wav,blink
94_blink.wav,blink
950_blink.wav,blink
951_blink.wav,blink
952_blink.wav,blink
953_blink.wav,blink
954_blink.wav,blink
955_blink.wav,blink
956_blink.wav,blink
957_blink.wav,blink
958_blink.wav,blink
959_blink.wav,blink
95_blink.wav,blink
960_blink.wav,blink
961_blink.wav,blink
962_blink.wav,blink
963_blink.wav,blink
964_blink.wav,blink
965_blink.wav,blink
966_blink.wav,blink
967_blink.wav,blink
968_blink.wav,blink
969_blink.wav,blink
96_blink.wav,blink
970_blink.wav,blink
971_blink.wav,blink
972_blink.wav,blink
973_blink.wav,blink
974_blink.wav,blink
975_blink.wav,blink
976_blink.wav,blink
977_blink.wav,blink
978_blink.wav,blink
979_blink.wav,blink
97_blink.wav,blink
980_blink.wav,blink
981_blink.wav,blink
982_blink.wav,blink
983_blink.wav,blink
984_blink.wav,blink
985_blink.wav,blink
986_blink.wav,blink
987_blink.wav,blink
988_blink.wav,blink
989_blink.wav,blink
98_blink.wav,blink
990_blink.wav,blink
991_blink.wav,blink
992_blink.wav,blink
993_blink.wav,blink
994_blink.wav,blink
995_blink.wav,blink
996_blink.wav,blink
997_blink.wav,blink
998_blink.wav,blink
999_blink.wav,blink
99_blink.wav,blink
9_blink.wav,blink